,VS1,SI1,IF,I1,VVS1,VVS2,VS2,SI2
I,0.9844499929726231,0.9827120467790662,0.9959185788794275,0.9080180582817554,0.7973756493483958,0.994295208991459,0.9842124823929753,0.9409159673298919
H,0.9824055722950031,0.9776194121231979,0.9972419230509694,0.8275833586036232,0.7932084411798392,0.9925118566167352,0.9797432561249588,0.9419582614553391
J,0.9848944958205974,0.9801915020772644,0.9910157809483738,0.9594956612750349,0.9971692302039467,0.9943573084114501,0.9576043230232623,0.9702926710726553
E,0.9797648493161235,0.9827970419881948,0.9937622293152174,0.8973445344319085,0.9860909512665106,0.9911799479845678,0.9881028938675959,0.973392425797412
D,0.9878529988718506,0.9886774228833625,0.9848455759469171,0.869705865083751,0.9891398079305388,0.982923339002763,0.9898452392852823,0.9722885621029942
F,0.9877910861125281,0.9820285899192756,0.9917754042969966,0.930666130025257,0.9916112840888693,0.9850603612777327,0.9858850708966485,0.9614986204634939
G,0.9880279105796648,0.9794183868648695,0.9955326124688773,0.9474191845509783,0.9924255982859245,0.9901683595494184,0.9856330165480178,0.9531548491511395
