,VS1,SI1,IF,I1,VVS1,VVS2,VS2,SI2
E,0.9715458236169783,0.9814551128606231,0.9927157351308582,0.9035245883916124,0.9866775440962862,0.9918006672079607,0.9883009697888614,0.9727158177380095
H,0.9796662353516083,0.9754148342266765,0.9960721593874966,0.8275833586036232,0.7930933988829941,0.9909639620077353,0.9768973825038654,0.9406942302487156
J,0.9833144530902462,0.9794750842888005,0.990792910579162,0.9594956612750349,0.9971327081981726,0.9938421343480374,0.9555946358945844,0.9701634142330763
I,0.9817027952677012,0.9810535015349254,0.9958656504510951,0.9080180582817554,0.7974617405591505,0.9937670373023373,0.9826290689535586,0.9397139649633367
D,0.990317577362166,0.987590278545295,0.9885295018437693,0.8662976319009749,0.9871989077173069,0.9849201277555671,0.9904040523422537,0.9703757818406047
F,0.9877350328641251,0.9813243248206291,0.9903565734621809,0.9302866016239303,0.9919910701398644,0.983693244683483,0.9864369871847518,0.9608735721012162
G,0.9866432760194727,0.9782738342965033,0.9950699900343174,0.9474191845509783,0.9926500055349452,0.9880744640651018,0.9835410283943672,0.9515538939855986
