,VS1,SI1,IF,I1,VVS1,VVS2,VS2,SI2
I,0.0003799014994540906,0.0004374436261871133,0.00031314282641723703,0.002326566953334584,,0.00038018562619427683,0.00039361834451570414,0.0006693459357840147
H,0.0003313597405850472,0.00039466101267996475,0.00025709314056005807,0.0017917413316809415,,0.00030465694346997336,0.0003447791040647643,0.0005477523313154452
J,0.00045118261837612196,0.000568967505261762,0.0003874198527913014,0.0023119739201690297,0.00036243867244302826,0.00039122293628597094,0.0005356314788380033,0.0006812469790362588
E,0.00020855648724645628,0.00030303770405748325,0.0001493638699145482,0.0009718030432956465,0.00015662967596909375,0.0001821289284565512,0.0002387769438593421,0.0003927514723811174
D,0.00019513068771727759,0.00030222166387242907,0.00012231636840309733,0.0009811874675150457,0.00014780235938506011,0.00015411055343172438,0.00022611589600677982,0.0003850191155548103
F,0.0002337062191809442,0.00031873069353379976,0.00018057587595553037,0.0008303485471458444,0.00017737992571181276,0.00018850567861020335,0.0002404637014197431,0.0004450968026289188
G,0.0002468026424072254,0.0003505539150197649,0.00022174386956822796,0.0009019960696190129,0.00023058530784863867,0.0002259922101934165,0.00028009025640653103,0.0005046838462616349
