,Total Data,Mean of correlations,Standar Deviation
0,40455,0.966446449810938,0.046201104319247246
1,33712,0.9657268139702551,0.04601031211358402
